<?xml version="1.0" encoding="UTF-8" standalone="no"?>

<impresoras xmlns:xsi="http://www.w3.org/2001/XMLSchema-instance"
xsi:noNamespaceSchemaLocation="../../Medina_Garcia_David_impresoras.xsd">

    <impresora numSerie="i245" tipo="láser" compra="2010">

    <marca>Epson</marca>

      <modelo>EPL300</modelo>

      <peso>5.235</peso>

      <tamaño>A4</tamaño>

      <tamaño>A5</tamaño>

      <cartucho>C-65GH</cartucho>

      <enred/>

    </impresora>

    <impresora numSerie="i246" tipo="tinta">

    <marca>HP</marca>

    <modelo>LaserJet 3549</modelo>

    <peso>4.2</peso>

    <tamaño>A4</tamaño>

    <cartucho>C-45H</cartucho>

    </impresora>
  
    <impresora numSerie="l564" tipo="tinta" compra="2015">

    <marca>Epson</marca>

      <modelo>EPL550</modelo>

      <peso>3.590</peso>

      <tamaño>A4</tamaño>

      <tamaño>A5</tamaño>

      <cartucho>C-56FR</cartucho>

      <enred/> 

    </impresora>

</impresoras>
